{
    "unsprung_mass": 150,
    "spin_inertia": [
        0.9,
        0.9
    ],
    "xxzz_inertia": [
        0,
        0
    ],
    "track_width": 1.55,
    "K": {
        "dive": {
            "dive": [
                [
                    -0.07,
                    2.07166
                ],
                [
                    -0.060,
                    1.77237
                ],
                [
                    -0.050,
                    1.47431
                ],
                [
                    -0.040,
                    1.17742
                ],
                [
                    -0.030,
                    0.881618
                ],
                [
                    -0.020,
                    0.586832
                ],
                [
                    -0.010,
                    0.292987
                ],
                [
                    0,
                    0
                ],
                [
                    0.010,
                    -0.292218
                ],
                [
                    0.020,
                    -0.583766
                ],
                [
                    0.030,
                    -0.874758
                ],
                [
                    0.040,
                    -1.16532
                ],
                [
                    0.050,
                    -1.45561
                ],
                [
                    0.060,
                    -1.7458
                ],
                [
                    0.070,
                    -2.03611
                ]
            ],
            "x": [
                [
                    -0.070,
                    -0.000729904
                ],
                [
                    -0.060,
                    -0.000634454
                ],
                [
                    -0.050,
                    -0.000536096
                ],
                [
                    -0.040,
                    -0.000434813
                ],
                [
                    -0.030,
                    -0.000330589
                ],
                [
                    -0.020,
                    -0.0002234
                ],
                [
                    -0.010,
                    -0.000113217
                ],
                [
                    0,
                    0
                ],
                [
                    0.010,
                    0.000116308
                ],
                [
                    0.020,
                    0.000235783
                ],
                [
                    0.030,
                    0.000358522
                ],
                [
                    0.040,
                    0.000484654
                ],
                [
                    0.050,
                    0.00061434
                ],
                [
                    0.060,
                    0.000747787
                ],
                [
                    0.070,
                    0.000885253
                ]
            ]
        },
        "roll": {
            "camber": [
                [
                    -0.070,
                    1.08171
                ],
                [
                    -0.060,
                    0.996827
                ],
                [
                    -0.050,
                    0.88789
                ],
                [
                    -0.040,
                    0.755642
                ],
                [
                    -0.030,
                    0.600569
                ],
                [
                    -0.020,
                    0.422934
                ],
                [
                    -0.010,
                    0.222791
                ],
                [
                    0,
                    0
                ],
                [
                    0.010,
                    -0.245764
                ],
                [
                    0.020,
                    -0.515012
                ],
                [
                    0.030,
                    -0.808436
                ],
                [
                    0.040,
                    -1.12692
                ],
                [
                    0.050,
                    -1.47156
                ],
                [
                    0.060,
                    -1.84365
                ],
                [
                    0.070,
                    -2.24474
                ]
            ],
            "y": [
                [
                    -0.070,
                    0.00474662
                ],
                [
                    -0.060,
                    0.00312302
                ],
                [
                    -0.050,
                    0.00182181
                ],
                [
                    -0.040,
                    0.000837522
                ],
                [
                    -0.030,
                    0.000165882
                ],
                [
                    -0.020,
                    -0.000196302
                ],
                [
                    -0.010,
                    -0.000251197
                ],
                [
                    0,
                    0
                ],
                [
                    0.010,
                    0.000557037
                ],
                [
                    0.020,
                    0.00142059
                ],
                [
                    0.030,
                    0.00259226
                ],
                [
                    0.040,
                    0.00407461
                ],
                [
                    0.050,
                    0.00587116
                ],
                [
                    0.060,
                    0.00798647
                ],
                [
                    0.070,
                    0.0104262
                ]
            ]
        },
        "toe": [
            [
                -0.070,
                0.292407
            ],
            [
                -0.060,
                0.237822
            ],
            [
                -0.050,
                0.187561
            ],
            [
                -0.040,
                0.141604
            ],
            [
                -0.030,
                0.099916
            ],
            [
                -0.020,
                0.062452
            ],
            [
                -0.010,
                0.029164
            ],
            [
                0,
                0
            ],
            [
                0.010,
                -0.025093
            ],
            [
                0.020,
                -0.046165
            ],
            [
                0.030,
                -0.063264
            ],
            [
                0.040,
                -0.076429
            ],
            [
                0.050,
                -0.085696
            ],
            [
                0.060,
                -0.091086
            ],
            [
                0.070,
                -0.09261
            ]
        ]
    },
    "C": {
        "springs": {
            "stiff": 198000,
            "cmp_jounce": 0.611
        },