{
    "vertical_stiff": 502000,
    "radius": 0.4,
    "Fx": [
        [
            0,
            0
        ],
        [
            0.02,
            0.226232278
        ],
        [
            0.04,
            0.414610564
        ],
        [
            0.06,
            0.551047523
        ],
        [
            0.08,
            0.64215801
        ],
        [
            0.1,
            0.700902883
        ],
        [
            0.12,
            0.738431985
        ],
        [
            0.14,
            0.762401522
        ],
        [
            0.16,
            0.77766357
        ],
        [
            0.18,
            0.787230813
        ],
        [
            0.2,
            0.792984495
        ],
        [
            0.22,
            0.796122738
        ],
        [
            0.24,
            0.797428684
        ],
        [
            0.26,
            0.797423718
        ],
        [
            0.28,
            0.7964682
        ],
        [
            0.3,
            0.794813954
        ],
        [
            0.32,
            0.792641161
        ],
        [
            0.34,
            0.79008318
        ],
        [
            0.36,
            0.787238616
        ],
        [
            0.38,
            0.784181241
        ],
        [
            0.4,
            0.780967805
        ],
        [
            0.42,
            0.777642998
        ],
        [
            0.44,
            0.774241579
        ],
        [
            0.46,
            0.770790505
        ],
        [
            0.48,
            0.767311056
        ],
        [
            0.5,
            0.763820967
        ],
        [
            0.52,
            0.760333006
        ],
        [
            0.54,
            0.756859941
        ],
        [
            0.56,
            0.753408867
        ],
        [
            0.58,
            0.749987586
        ],
        [
            0.6,
            0.746601774
        ],
        [
            0.62,
            0.743256395
        ],
        [
            0.64,
            0.739953579
        ],
        [
            0.66,
            0.736697581
        ],
        [
            0.68,
            0.73348982
        ],
        [
            0.7,
            0.730331715
        ],
        [
            0.72,
            0.727224684
        ],
        [
            0.74,
            0.724168727
        ],
        [
            0.76,
            0.721165264
        ],
        [
            0.78,
            0.718214294
        ],
        [
            0.8,
            0.715315108
        ],
        [
            0.82,
            0.712468415
        ],
        [
            0.84,
            0.709672797
        ],
        [
            0.86,
            0.706928253
        ],
        [
            0.88,
            0.704234074
        ],
        [
            0.9,
            0.701590261
        ],
        [
            0.92,
            0.698995393
        ],
        [
            0.94,
            0.696449472
        ],
        [
            0.96,
            0.69395037
        ],
        [
            0.98,
            0.691498085
        ],
        [
            1,
            0.689091201
        ],
        [
            1.02,
            0.689091201
        ]
    ],
    "Fy": [
        [
            0,
            0
        ],
        [
            0.5,
            0.09713231
        ],
        [
            1,
            0.191446302
        ],
        [
            1.5,
            0.28045706
        ],
        [
            2,
            0.362268445
        ],
        [
            2.5,
            0.435680915
        ],
        [
            3,
            0.500177342
        ],
        [
            3.5,
            0.555806672
        ],
        [
            4,
            0.603028575
        ],
        [
            4.5,
            0.642555966
        ],
        [
            5,
            0.675228736
        ],
        [
            5.5,
            0.701914442
        ],
        [
            6,
            0.723449428
        ],
        [
            6.5,
            0.740601232
        ],
        [
            7,
            0.754052973
        ],
        [
            7.5,
            0.76440123
        ],
        [
            8,
            0.772156748
        ],
        [
            8.5,
            0.777753659
        ],
        [
            9,
            0.781558708
        ],
        [
            9.5,
            0.78387905
        ],
        [
            10,
            0.784971476
        ],
        [
            10.5,
            0.785050926
        ],
        [
            11,
            0.784296868
        ],
        [
            11.5,
            0.78285827
        ],
        [
            12,
            0.780859271
        ],
        [
            12.5,
            0.77840415
        ],
        [
            13,
            0.775578738
        ],
        [
            13.5,
            0.772456101
        ],
        [
            14,
            0.769096535
        ],
        [
            14.5,
            0.765551115
        ],
        [
            15,
            0.761860274
        ],
        [
            15.5,
            0.758060901
        ],
        [
            16,
            0.754182078
        ],
        [
            16.5,
            0.750248633
        ],
        [
            17,
            0.74628043
        ],
        [
            17.5,
            0.742294493
        ],
        [
            18,
            0.738305718
        ],
        [
            18.5,
            0.734326164
        ],
        [
            19,
            0.730365055
        ],
        [
            19.5,
            0.726430901
        ],
        [
            20,
            0.722529378
        ],
        [
            20.5,
            0.718666162
        ],
        [
            21,
            0.714846216
        ],
        [
            21.5,
            0.711073089
        ],
        [
            22,
            0.707348199
        ],
        [
            22.5,
            0.703675093
        ],
        [
            23,
            0.70005377
        ],
        [
            23.5,
            0.696487069
        ],
        [
            24,
            0.69297428
        ],
        [
            24.5,
            0.689516112
        ],
        [
            25,
            0.686112565
        ],
        [
            26,
            0.686112565
        ]
    ],